-- phpMyAdmin SQL Dump
-- version 5.2.1
-- https://www.phpmyadmin.net/
--
-- Servidor: 127.0.0.1
-- Tiempo de generaciĂłn: 14-05-2026 a las 20:02:17
-- VersiĂłn del servidor: 10.4.32-MariaDB
-- VersiĂłn de PHP: 8.2.12

SET SQL_MODE = "NO_AUTO_VALUE_ON_ZERO";
START TRANSACTION;
SET time_zone = "+00:00";


/*!40101 SET @OLD_CHARACTER_SET_CLIENT=@@CHARACTER_SET_CLIENT */;
/*!40101 SET @OLD_CHARACTER_SET_RESULTS=@@CHARACTER_SET_RESULTS */;
/*!40101 SET @OLD_COLLATION_CONNECTION=@@COLLATION_CONNECTION */;
/*!40101 SET NAMES utf8mb4 */;

--
-- Base de datos: `trackerfm`
--

-- --------------------------------------------------------

--
-- Estructura de tabla para la tabla `albums`
--

CREATE TABLE `albums` (
  `id` varchar(100) NOT NULL,
  `artist_id` varchar(100) DEFAULT NULL,
  `title` varchar(255) NOT NULL,
  `cover_url` text DEFAULT NULL,
  `release_date` date DEFAULT NULL,
  `total_tracks` int(11) DEFAULT NULL,
  `created_at` timestamp NOT NULL DEFAULT current_timestamp()
) ENGINE=InnoDB DEFAULT CHARSET=utf8mb4 COLLATE=utf8mb4_general_ci;

--
-- Volcado de datos para la tabla `albums`
--

INSERT INTO `albums` (`id`, `artist_id`, `title`, `cover_url`, `release_date`, `total_tracks`, `created_at`) VALUES
('3cQO7jp5S9qLBoIVtbkSM1', '3YQKmKGau1PzlVlkL1iodx', 'Blurryface', 'https://i.scdn.co/image/ab67616d0000b2732df0d98a423025032d0db1f7', '2015-05-15', 14, '2026-05-14 15:05:53'),
('5oWrwOXe12fNZc4r13XODy', '1ZdhAl62G6ZlEKqIwUAfZR', 'DaltĂłnico', 'https://i.scdn.co/image/ab67616d0000b2735a6182a76ba2e4d04d9cf93f', '2010-01-01', 13, '2026-05-08 22:50:26'),
('5zi7WsKlIiUXv09tbGLKsE', '4V8LLVI7PbaPR0K2TGSxFF', 'IGOR', 'https://i.scdn.co/image/ab67616d0000b27330a635de2bb0caa4e26f6abb', '2019-05-17', 12, '2026-05-08 22:49:40'),
('79dL7FLiJFOO0EoehUHQBv', '5INjqkS1o8h1imAzPqGZBb', 'Currents', 'https://i.scdn.co/image/ab67616d0000b2739e1cfc756886ac782e363d79', '2015-07-17', 13, '2026-05-14 15:01:49');

-- --------------------------------------------------------

--
-- Estructura de tabla para la tabla `artists`
--

CREATE TABLE `artists` (
  `id` varchar(100) NOT NULL,
  `name` varchar(255) NOT NULL,
  `image_url` text DEFAULT NULL,
  `created_at` timestamp NOT NULL DEFAULT current_timestamp()
) ENGINE=InnoDB DEFAULT CHARSET=utf8mb4 COLLATE=utf8mb4_general_ci;

--
-- Volcado de datos para la tabla `artists`
--

INSERT INTO `artists` (`id`, `name`, `image_url`, `created_at`) VALUES
('1ZdhAl62G6ZlEKqIwUAfZR', 'Enjambre', NULL, '2026-05-08 22:50:26'),
('3YQKmKGau1PzlVlkL1iodx', 'Twenty One Pilots', NULL, '2026-05-14 15:05:53'),
('4V8LLVI7PbaPR0K2TGSxFF', 'Tyler, The Creator', NULL, '2026-05-08 22:49:40'),
('5INjqkS1o8h1imAzPqGZBb', 'Tame Impala', NULL, '2026-05-14 15:01:49');

-- --------------------------------------------------------

--
-- Estructura de tabla para la tabla `badges`
--

CREATE TABLE `badges` (
  `id` int(11) NOT NULL,
  `name` varchar(100) DEFAULT NULL,
  `description` text DEFAULT NULL,
  `icon_url` text DEFAULT NULL
) ENGINE=InnoDB DEFAULT CHARSET=utf8mb4 COLLATE=utf8mb4_general_ci;

-- --------------------------------------------------------

--
-- Estructura de tabla para la tabla `comments`
--

CREATE TABLE `comments` (
  `id` int(11) NOT NULL,
  `review_id` int(11) DEFAULT NULL,
  `user_id` int(11) DEFAULT NULL,
  `comment_text` text NOT NULL,
  `created_at` timestamp NOT NULL DEFAULT current_timestamp()
) ENGINE=InnoDB DEFAULT CHARSET=utf8mb4 COLLATE=utf8mb4_general_ci;

-- --------------------------------------------------------

--
-- Estructura de tabla para la tabla `favorite_albums`
--

CREATE TABLE `favorite_albums` (
  `id` int(11) NOT NULL,
  `user_id` int(11) DEFAULT NULL,
  `album_id` varchar(100) DEFAULT NULL,
  `created_at` timestamp NOT NULL DEFAULT current_timestamp()
) ENGINE=InnoDB DEFAULT CHARSET=utf8mb4 COLLATE=utf8mb4_general_ci;

-- --------------------------------------------------------

--
-- Estructura de tabla para la tabla `followers`
--

CREATE TABLE `followers` (
  `id` int(11) NOT NULL,
  `follower_id` int(11) DEFAULT NULL,
  `following_id` int(11) DEFAULT NULL,
  `created_at` timestamp NOT NULL DEFAULT current_timestamp()
) ENGINE=InnoDB DEFAULT CHARSET=utf8mb4 COLLATE=utf8mb4_general_ci;

-- --------------------------------------------------------

--
-- Estructura de tabla para la tabla `listening_history`
--

CREATE TABLE `listening_history` (
  `id` int(11) NOT NULL,
  `user_id` int(11) DEFAULT NULL,
  `track_id` varchar(100) DEFAULT NULL,
  `listened_at` timestamp NOT NULL DEFAULT current_timestamp()
) ENGINE=InnoDB DEFAULT CHARSET=utf8mb4 COLLATE=utf8mb4_general_ci;

-- --------------------------------------------------------

--
-- Estructura de tabla para la tabla `playlists`
--

CREATE TABLE `playlists` (
  `id` int(11) NOT NULL,
  `user_id` int(11) DEFAULT NULL,
  `title` varchar(100) NOT NULL,
  `description` text DEFAULT NULL,
  `cover_url` text DEFAULT NULL,
  `created_at` timestamp NOT NULL DEFAULT current_timestamp()
) ENGINE=InnoDB DEFAULT CHARSET=utf8mb4 COLLATE=utf8mb4_general_ci;

--
-- Estructura de tabla para la tabla `password_resets`
--
CREATE TABLE `password_resets` (
  `id` int(11) NOT NULL AUTO_INCREMENT,
  `email` varchar(100) NOT NULL,
  `codigo` varchar(6) NOT NULL,
  `expira_at` timestamp NOT NULL,
  `created_at` timestamp NOT NULL DEFAULT current_timestamp(),
  PRIMARY KEY (`id`)
) ENGINE=InnoDB DEFAULT CHARSET=utf8mb4;
--
-- Volcado de datos para la tabla `playlists`
--

INSERT INTO `playlists` (`id`, `user_id`, `title`, `description`, `cover_url`, `created_at`) VALUES
(1, 1, 'ola', 'que tal', NULL, '2026-05-08 22:50:08'),
(2, 2, 'putash', 'shi', NULL, '2026-05-14 15:02:29');

-- --------------------------------------------------------

--
-- Estructura de tabla para la tabla `playlist_tracks`
--

CREATE TABLE `playlist_tracks` (
  `id` int(11) NOT NULL,
  `playlist_id` int(11) DEFAULT NULL,
  `track_id` varchar(100) DEFAULT NULL,
  `added_at` timestamp NOT NULL DEFAULT current_timestamp()
) ENGINE=InnoDB DEFAULT CHARSET=utf8mb4 COLLATE=utf8mb4_general_ci;

--
-- Volcado de datos para la tabla `playlist_tracks`
--

INSERT INTO `playlist_tracks` (`id`, `playlist_id`, `track_id`, `added_at`) VALUES
(2, 2, '5M4yti0QxgqJieUYaEXcpw', '2026-05-14 15:02:38');

-- --------------------------------------------------------

--
-- Estructura de tabla para la tabla `reviews`
--

CREATE TABLE `reviews` (
  `id` int(11) NOT NULL,
  `user_id` int(11) DEFAULT NULL,
  `album_id` varchar(100) DEFAULT NULL,
  `rating` decimal(2,1) DEFAULT NULL,
  `review_text` text DEFAULT NULL,
  `likes_count` int(11) DEFAULT 0,
  `created_at` timestamp NOT NULL DEFAULT current_timestamp()
) ENGINE=InnoDB DEFAULT CHARSET=utf8mb4 COLLATE=utf8mb4_general_ci;

--
-- Volcado de datos para la tabla `reviews`
--

INSERT INTO `reviews` (`id`, `user_id`, `album_id`, `rating`, `review_text`, `likes_count`, `created_at`) VALUES
(1, 1, '5zi7WsKlIiUXv09tbGLKsE', 5.0, 'uffff que joya', 0, '2026-05-08 22:49:51'),
(2, 2, '79dL7FLiJFOO0EoehUHQBv', 5.0, 'me despeina los pelos de los webos de lo poderoso que esta', 0, '2026-05-14 15:02:09'),
(3, 3, '3cQO7jp5S9qLBoIVtbkSM1', 5.0, 'uff', 0, '2026-05-14 15:05:59');

-- --------------------------------------------------------

--
-- Estructura de tabla para la tabla `review_likes`
--

CREATE TABLE `review_likes` (
  `id` int(11) NOT NULL,
  `user_id` int(11) DEFAULT NULL,
  `review_id` int(11) DEFAULT NULL,
  `created_at` timestamp NOT NULL DEFAULT current_timestamp()
) ENGINE=InnoDB DEFAULT CHARSET=utf8mb4 COLLATE=utf8mb4_general_ci;

-- --------------------------------------------------------

--
-- Estructura de tabla para la tabla `tracks`
--

CREATE TABLE `tracks` (
  `id` varchar(100) NOT NULL,
  `album_id` varchar(100) DEFAULT NULL,
  `title` varchar(255) NOT NULL,
  `duration_ms` int(11) DEFAULT NULL,
  `preview_url` text DEFAULT NULL,
  `created_at` timestamp NOT NULL DEFAULT current_timestamp()
) ENGINE=InnoDB DEFAULT CHARSET=utf8mb4 COLLATE=utf8mb4_general_ci;

--
-- Volcado de datos para la tabla `tracks`
--

INSERT INTO `tracks` (`id`, `album_id`, `title`, `duration_ms`, `preview_url`, `created_at`) VALUES
('3t84sDh2rO5GplkWsmKqoc', '5oWrwOXe12fNZc4r13XODy', 'La Duda', 194670, NULL, '2026-05-08 22:55:55'),
('5M4yti0QxgqJieUYaEXcpw', '79dL7FLiJFOO0EoehUHQBv', 'Eventually', 318591, NULL, '2026-05-14 15:02:38');

-- --------------------------------------------------------

--
-- Estructura de tabla para la tabla `track_reviews`
--

CREATE TABLE `track_reviews` (
  `id` int(11) NOT NULL,
  `user_id` int(11) DEFAULT NULL,
  `track_id` varchar(100) DEFAULT NULL,
  `rating` decimal(2,1) DEFAULT NULL,
  `review_text` text DEFAULT NULL,
  `likes_count` int(11) DEFAULT 0,
  `created_at` timestamp NOT NULL DEFAULT current_timestamp()
) ENGINE=InnoDB DEFAULT CHARSET=utf8mb4 COLLATE=utf8mb4_general_ci;

-- --------------------------------------------------------

--
-- Estructura de tabla para la tabla `users`
--

CREATE TABLE `users` (
  `id` int(11) NOT NULL,
  `username` varchar(30) NOT NULL,
  `email` varchar(100) NOT NULL,
  `password` varchar(255) NOT NULL,
  `display_name` varchar(50) DEFAULT NULL,
  `bio` text DEFAULT NULL,
  `avatar_url` text DEFAULT NULL,
  `favorite_artist` varchar(100) DEFAULT NULL,
  `favorite_genre` varchar(100) DEFAULT NULL,
  `created_at` timestamp NOT NULL DEFAULT current_timestamp()
) ENGINE=InnoDB DEFAULT CHARSET=utf8mb4 COLLATE=utf8mb4_general_ci;

--
-- Volcado de datos para la tabla `users`
--

INSERT INTO `users` (`id`, `username`, `email`, `password`, `display_name`, `bio`, `avatar_url`, `favorite_artist`, `favorite_genre`, `created_at`) VALUES
(1, 'netanyahu', 'angelgalvandiaz3@gmail.com', '$2b$12$DeXyqpXl4ZsGUu7dKKGrg.dXRNWAv37wAw6gEgr51ViVg.g8/v62K', 'ANG', 'ME GUSTA LA MUSICA', NULL, 'Enjambre', '', '2026-05-08 22:44:21'),
(2, 'Angelito', 'angelito@gmail.com', '$2b$12$QdpqMY/E9RQIYG4QJwFi4u/kb8yMlMahd3T7bAT6oHbSxVQLMX932', NULL, NULL, NULL, NULL, NULL, '2026-05-14 15:00:44'),
(3, 'Anderson', 'anderson@gmail.com', '$2b$12$UIGTIgoCv5855/iAluBbrePpoXXr6xQROZWK.er0Yb6Id5ACdLc0a', 'pene', 'pene', NULL, 'twenty one pilots ', 'pene', '2026-05-14 15:05:23'),
(4, 'nigga', 'nigga@gmail.com', '$2b$12$wBMcssQTx76cTHt0w18Z5OADikc91pz.slijxVQEGtWH0i.N7i2..', NULL, NULL, NULL, NULL, NULL, '2026-05-14 15:11:50');

-- --------------------------------------------------------

--
-- Estructura de tabla para la tabla `user_badges`
--

CREATE TABLE `user_badges` (
  `id` int(11) NOT NULL,
  `user_id` int(11) DEFAULT NULL,
  `badge_id` int(11) DEFAULT NULL,
  `earned_at` timestamp NOT NULL DEFAULT current_timestamp()
) ENGINE=InnoDB DEFAULT CHARSET=utf8mb4 COLLATE=utf8mb4_general_ci;

--
-- Estructura de tabla para la tabla `password_resets`
--
CREATE TABLE `password_resets` (
  `id` int(11) NOT NULL AUTO_INCREMENT,
  `email` varchar(100) NOT NULL,
  `codigo` varchar(6) NOT NULL,
  `expira_at` timestamp NOT NULL,
  `created_at` timestamp NOT NULL DEFAULT current_timestamp(),
  PRIMARY KEY (`id`)
) ENGINE=InnoDB DEFAULT CHARSET=utf8mb4;
--
-- ĂŤndices para tablas volcadas
--

--
-- Indices de la tabla `albums`
--
ALTER TABLE `albums`
  ADD PRIMARY KEY (`id`),
  ADD KEY `artist_id` (`artist_id`);

--
-- Indices de la tabla `artists`
--
ALTER TABLE `artists`
  ADD PRIMARY KEY (`id`);

--
-- Indices de la tabla `badges`
--
ALTER TABLE `badges`
  ADD PRIMARY KEY (`id`);

--
-- Indices de la tabla `comments`
--
ALTER TABLE `comments`
  ADD PRIMARY KEY (`id`),
  ADD KEY `review_id` (`review_id`),
  ADD KEY `user_id` (`user_id`);

--
-- Indices de la tabla `favorite_albums`
--
ALTER TABLE `favorite_albums`
  ADD PRIMARY KEY (`id`),
  ADD UNIQUE KEY `user_id` (`user_id`,`album_id`),
  ADD KEY `album_id` (`album_id`);

--
-- Indices de la tabla `followers`
--
ALTER TABLE `followers`
  ADD PRIMARY KEY (`id`),
  ADD UNIQUE KEY `follower_id` (`follower_id`,`following_id`),
  ADD KEY `following_id` (`following_id`);

--
-- Indices de la tabla `listening_history`
--
ALTER TABLE `listening_history`
  ADD PRIMARY KEY (`id`),
  ADD KEY `user_id` (`user_id`),
  ADD KEY `track_id` (`track_id`);

--
-- Indices de la tabla `playlists`
--
ALTER TABLE `playlists`
  ADD PRIMARY KEY (`id`),
  ADD KEY `user_id` (`user_id`);

--
-- Indices de la tabla `playlist_tracks`
--
ALTER TABLE `playlist_tracks`
  ADD PRIMARY KEY (`id`),
  ADD KEY `playlist_id` (`playlist_id`),
  ADD KEY `track_id` (`track_id`);

--
-- Indices de la tabla `reviews`
--
ALTER TABLE `reviews`
  ADD PRIMARY KEY (`id`),
  ADD KEY `user_id` (`user_id`),
  ADD KEY `album_id` (`album_id`);

--
-- Indices de la tabla `review_likes`
--
ALTER TABLE `review_likes`
  ADD PRIMARY KEY (`id`),
  ADD UNIQUE KEY `user_id` (`user_id`,`review_id`),
  ADD KEY `review_id` (`review_id`);

--
-- Indices de la tabla `tracks`
--
ALTER TABLE `tracks`
  ADD PRIMARY KEY (`id`),
  ADD KEY `album_id` (`album_id`);

--
-- Indices de la tabla `track_reviews`
--
ALTER TABLE `track_reviews`
  ADD PRIMARY KEY (`id`),
  ADD UNIQUE KEY `user_id` (`user_id`,`track_id`),
  ADD KEY `track_id` (`track_id`);

--
-- Indices de la tabla `users`
--
ALTER TABLE `users`
  ADD PRIMARY KEY (`id`),
  ADD UNIQUE KEY `username` (`username`),
  ADD UNIQUE KEY `email` (`email`);

--
-- Indices de la tabla `user_badges`
--
ALTER TABLE `user_badges`
  ADD PRIMARY KEY (`id`),
  ADD KEY `user_id` (`user_id`),
  ADD KEY `badge_id` (`badge_id`);

--
-- AUTO_INCREMENT de las tablas volcadas
--

--
-- AUTO_INCREMENT de la tabla `badges`
--
ALTER TABLE `badges`
  MODIFY `id` int(11) NOT NULL AUTO_INCREMENT;

--
-- AUTO_INCREMENT de la tabla `comments`
--
ALTER TABLE `comments`
  MODIFY `id` int(11) NOT NULL AUTO_INCREMENT;

--
-- AUTO_INCREMENT de la tabla `favorite_albums`
--
ALTER TABLE `favorite_albums`
  MODIFY `id` int(11) NOT NULL AUTO_INCREMENT;

--
-- AUTO_INCREMENT de la tabla `followers`
--
ALTER TABLE `followers`
  MODIFY `id` int(11) NOT NULL AUTO_INCREMENT;

--
-- AUTO_INCREMENT de la tabla `listening_history`
--
ALTER TABLE `listening_history`
  MODIFY `id` int(11) NOT NULL AUTO_INCREMENT;

--
-- AUTO_INCREMENT de la tabla `playlists`
--
ALTER TABLE `playlists`
  MODIFY `id` int(11) NOT NULL AUTO_INCREMENT, AUTO_INCREMENT=3;

--
-- AUTO_INCREMENT de la tabla `playlist_tracks`
--
ALTER TABLE `playlist_tracks`
  MODIFY `id` int(11) NOT NULL AUTO_INCREMENT, AUTO_INCREMENT=3;

--
-- AUTO_INCREMENT de la tabla `reviews`
--
ALTER TABLE `reviews`
  MODIFY `id` int(11) NOT NULL AUTO_INCREMENT, AUTO_INCREMENT=4;

--
-- AUTO_INCREMENT de la tabla `review_likes`
--
ALTER TABLE `review_likes`
  MODIFY `id` int(11) NOT NULL AUTO_INCREMENT;

--
-- AUTO_INCREMENT de la tabla `track_reviews`
--
ALTER TABLE `track_reviews`
  MODIFY `id` int(11) NOT NULL AUTO_INCREMENT;

--
-- AUTO_INCREMENT de la tabla `users`
--
ALTER TABLE `users`
  MODIFY `id` int(11) NOT NULL AUTO_INCREMENT, AUTO_INCREMENT=5;

--
-- AUTO_INCREMENT de la tabla `user_badges`
--
ALTER TABLE `user_badges`
  MODIFY `id` int(11) NOT NULL AUTO_INCREMENT;

--
-- Restricciones para tablas volcadas
--

--
-- Filtros para la tabla `albums`
--
ALTER TABLE `albums`
  ADD CONSTRAINT `albums_ibfk_1` FOREIGN KEY (`artist_id`) REFERENCES `artists` (`id`) ON DELETE CASCADE;

--
-- Filtros para la tabla `comments`
--
ALTER TABLE `comments`
  ADD CONSTRAINT `comments_ibfk_1` FOREIGN KEY (`review_id`) REFERENCES `reviews` (`id`) ON DELETE CASCADE,
  ADD CONSTRAINT `comments_ibfk_2` FOREIGN KEY (`user_id`) REFERENCES `users` (`id`) ON DELETE CASCADE;

--
-- Filtros para la tabla `favorite_albums`
--
ALTER TABLE `favorite_albums`
  ADD CONSTRAINT `favorite_albums_ibfk_1` FOREIGN KEY (`user_id`) REFERENCES `users` (`id`) ON DELETE CASCADE,
  ADD CONSTRAINT `favorite_albums_ibfk_2` FOREIGN KEY (`album_id`) REFERENCES `albums` (`id`) ON DELETE CASCADE;

--
-- Filtros para la tabla `followers`
--
ALTER TABLE `followers`
  ADD CONSTRAINT `followers_ibfk_1` FOREIGN KEY (`follower_id`) REFERENCES `users` (`id`) ON DELETE CASCADE,
  ADD CONSTRAINT `followers_ibfk_2` FOREIGN KEY (`following_id`) REFERENCES `users` (`id`) ON DELETE CASCADE;

--
-- Filtros para la tabla `listening_history`
--
ALTER TABLE `listening_history`
  ADD CONSTRAINT `listening_history_ibfk_1` FOREIGN KEY (`user_id`) REFERENCES `users` (`id`) ON DELETE CASCADE,
  ADD CONSTRAINT `listening_history_ibfk_2` FOREIGN KEY (`track_id`) REFERENCES `tracks` (`id`) ON DELETE CASCADE;

--
-- Filtros para la tabla `playlists`
--
ALTER TABLE `playlists`
  ADD CONSTRAINT `playlists_ibfk_1` FOREIGN KEY (`user_id`) REFERENCES `users` (`id`) ON DELETE CASCADE;

--
-- Filtros para la tabla `playlist_tracks`
--
ALTER TABLE `playlist_tracks`
  ADD CONSTRAINT `playlist_tracks_ibfk_1` FOREIGN KEY (`playlist_id`) REFERENCES `playlists` (`id`) ON DELETE CASCADE,
  ADD CONSTRAINT `playlist_tracks_ibfk_2` FOREIGN KEY (`track_id`) REFERENCES `tracks` (`id`) ON DELETE CASCADE;

--
-- Filtros para la tabla `reviews`
--
ALTER TABLE `reviews`
  ADD CONSTRAINT `reviews_ibfk_1` FOREIGN KEY (`user_id`) REFERENCES `users` (`id`) ON DELETE CASCADE,
  ADD CONSTRAINT `reviews_ibfk_2` FOREIGN KEY (`album_id`) REFERENCES `albums` (`id`) ON DELETE CASCADE;

--
-- Filtros para la tabla `review_likes`
--
ALTER TABLE `review_likes`
  ADD CONSTRAINT `review_likes_ibfk_1` FOREIGN KEY (`user_id`) REFERENCES `users` (`id`) ON DELETE CASCADE,
  ADD CONSTRAINT `review_likes_ibfk_2` FOREIGN KEY (`review_id`) REFERENCES `reviews` (`id`) ON DELETE CASCADE;

--
-- Filtros para la tabla `tracks`
--
ALTER TABLE `tracks`
  ADD CONSTRAINT `tracks_ibfk_1` FOREIGN KEY (`album_id`) REFERENCES `albums` (`id`) ON DELETE CASCADE;

--
-- Filtros para la tabla `track_reviews`
--
ALTER TABLE `track_reviews`
  ADD CONSTRAINT `track_reviews_ibfk_1` FOREIGN KEY (`user_id`) REFERENCES `users` (`id`) ON DELETE CASCADE,
  ADD CONSTRAINT `track_reviews_ibfk_2` FOREIGN KEY (`track_id`) REFERENCES `tracks` (`id`) ON DELETE CASCADE;

--
-- Filtros para la tabla `user_badges`
--
ALTER TABLE `user_badges`
  ADD CONSTRAINT `user_badges_ibfk_1` FOREIGN KEY (`user_id`) REFERENCES `users` (`id`) ON DELETE CASCADE,
  ADD CONSTRAINT `user_badges_ibfk_2` FOREIGN KEY (`badge_id`) REFERENCES `badges` (`id`) ON DELETE CASCADE;
COMMIT;

/*!40101 SET CHARACTER_SET_CLIENT=@OLD_CHARACTER_SET_CLIENT */;
/*!40101 SET CHARACTER_SET_RESULTS=@OLD_CHARACTER_SET_RESULTS */;
/*!40101 SET COLLATION_CONNECTION=@OLD_COLLATION_CONNECTION */;
